Session_ID,Date,Start_Time,Charging_Station,Vehicle_Type,Purpose,User_Age,User_Gender,Energy_Consumed_kWh,Charging_Duration_Min,Charging_Cost_INR,Payment_Method,Day_of_Week,Hour,Peak_Hour,Energy_per_Min_kWh,Cost_per_kWh_INR,User_Age_Group,Charging_Duration_Group,Session_Month
1,21-02-2026,20:00,Ameerpet Charge Point,Car,Office Commute,28,Male,31.76,70,408.29,Wallet,Saturday,20,Yes,0.454,12.86,26-35,Medium (46-90 min),February
2,22-01-2026,09:00,Ameerpet Charge Point,Car,Office Commute,38,Male,42.97,99,517.49,UPI,Thursday,9,No,0.434,12.04,36-50,Long (>90 min),January
3,18-02-2026,14:00,Hitech City EV,Scooter,Office Commute,20,Female,3.89,76,57.15,Card,Wednesday,14,No,0.051,14.69,18-25,Medium (46-90 min),February
4,04-01-2026,20:00,Ameerpet Charge Point,Bike,Office Commute,37,Male,10.32,76,161.66,Cash,Sunday,20,Yes,0.136,15.66,36-50,Medium (46-90 min),January
5,16-02-2026,11:00,Hitech City EV,Scooter,Office Commute,23,Male,6.46,67,78.76,Card,Monday,11,No,0.096,12.19,18-25,Medium (46-90 min),February
6,31-03-2026,13:00,LB Nagar EV Station,Scooter,Office Commute,38,Male,20.61,45,349.74,Card,Tuesday,13,No,0.458,16.97,36-50,Short (45 min),March
7,30-03-2026,12:00,Kukatpally Charge Hub,Bike,Office Commute,24,Male,5.68,54,78.13,Wallet,Monday,12,No,0.105,13.76,18-25,Medium (46-90 min),March
8,11-01-2026,11:00,Secunderabad Central,Car,Office Commute,45,Female,38.08,100,532.5,Cash,Sunday,11,No,0.381,13.98,36-50,Long (>90 min),January
9,23-01-2026,16:00,LB Nagar EV Station,Bike,Ride Sharing,18,Male,14.23,97,243.32,UPI,Friday,16,No,0.147,17.1,18-25,Long (>90 min),January
10,31-03-2026,12:00,Ameerpet Charge Point,Scooter,Office Commute,30,Male,3.77,92,55.97,UPI,Tuesday,12,No,0.041,14.85,26-35,Long (>90 min),March
11,04-01-2026,19:00,Secunderabad Central,Scooter,Office Commute,30,Male,10.8,46,140.01,Card,Sunday,19,Yes,0.235,12.96,26-35,Medium (46-90 min),January
12,11-02-2026,17:00,Hitech City EV,Bike,Office Commute,37,Female,19.56,65,329.44,Cash,Wednesday,17,Yes,0.301,16.84,36-50,Medium (46-90 min),February
13,30-03-2026,12:00,LB Nagar EV Station,Scooter,Office Commute,30,Female,7.33,25,110.43,UPI,Monday,12,No,0.293,15.07,26-35,Short (45 min),March
14,03-03-2026,11:00,Secunderabad Central,Scooter,Office Commute,49,Male,9.41,55,116.64,Card,Tuesday,11,No,0.171,12.4,36-50,Medium (46-90 min),March
15,21-02-2026,12:00,Kukatpally Charge Hub,Bike,Office Commute,34,Male,16.53,98,239.17,Wallet,Saturday,12,No,0.169,14.47,26-35,Long (>90 min),February
16,01-01-2026,12:00,LB Nagar EV Station,Scooter,Office Commute,21,Male,12.3,52,165.47,Card,Thursday,12,No,0.237,13.45,18-25,Medium (46-90 min),January
17,24-01-2026,14:00,Uppal EV Hub,Car,Office Commute,23,Female,25.16,125,351.14,Cash,Saturday,14,No,0.201,13.96,18-25,Long (>90 min),January
18,19-01-2026,16:00,Hitech City EV,Car,Business,35,Female,23.51,105,385.76,Card,Monday,16,No,0.224,16.41,26-35,Long (>90 min),January
19,23-01-2026,14:00,Ameerpet Charge Point,Bike,Business,19,Other,7.34,97,112.7,Cash,Friday,14,No,0.076,15.35,18-25,Long (>90 min),January
20,09-01-2026,12:00,Hitech City EV,Car,Ride Sharing,50,Female,39.94,43,518.01,Card,Friday,12,No,0.929,12.97,36-50,Short (45 min),January
21,25-03-2026,15:00,Uppal EV Hub,Scooter,Office Commute,35,Male,20.86,58,374.83,Cash,Wednesday,15,No,0.36,17.97,26-35,Medium (46-90 min),March
22,02-02-2026,07:00,Secunderabad Central,Bike,Delivery,50,Male,6.4,63,101.2,Card,Monday,7,No,0.102,15.81,36-50,Medium (46-90 min),February
23,30-01-2026,21:00,Secunderabad Central,Scooter,Personal,38,Male,19.95,68,298.34,UPI,Friday,21,Yes,0.293,14.95,36-50,Medium (46-90 min),January
24,02-03-2026,14:00,Uppal EV Hub,Bike,Business,47,Female,17.6,93,250.32,UPI,Monday,14,No,0.189,14.22,36-50,Long (>90 min),March
25,06-02-2026,20:00,Secunderabad Central,Scooter,Business,38,Male,21.37,45,318.61,Card,Friday,20,Yes,0.475,14.91,36-50,Short (45 min),February
26,25-01-2026,13:00,LB Nagar EV Station,Car,Office Commute,49,Female,42.69,72,577.39,Card,Sunday,13,No,0.593,13.53,36-50,Medium (46-90 min),January
27,02-01-2026,12:00,LB Nagar EV Station,Car,Office Commute,46,Male,16.51,79,223.48,Cash,Friday,12,No,0.209,13.54,36-50,Medium (46-90 min),January
28,13-01-2026,09:00,Hitech City EV,Scooter,Delivery,33,Male,14.93,91,181.63,Card,Tuesday,9,No,0.164,12.17,26-35,Long (>90 min),January
29,07-03-2026,13:00,Ameerpet Charge Point,Bike,Personal,39,Male,9.23,27,112.89,Card,Saturday,13,No,0.342,12.23,36-50,Short (45 min),March
30,15-01-2026,13:00,Kukatpally Charge Hub,Scooter,Office Commute,22,Male,12.92,88,170.14,Card,Thursday,13,No,0.147,13.17,18-25,Medium (46-90 min),January
31,16-02-2026,16:00,Ameerpet Charge Point,Scooter,Personal,47,Male,5.52,54,80.63,Card,Monday,16,No,0.102,14.61,36-50,Medium (46-90 min),February
32,24-02-2026,12:00,Uppal EV Hub,Scooter,Delivery,18,Male,4.54,36,61.25,Card,Tuesday,12,No,0.126,13.49,18-25,Short (45 min),February
33,17-02-2026,11:00,Kukatpally Charge Hub,Car,Delivery,22,Male,33.06,79,445.9,Cash,Tuesday,11,No,0.418,13.49,18-25,Medium (46-90 min),February
34,20-02-2026,17:00,Kukatpally Charge Hub,Scooter,Office Commute,47,Female,5.21,77,77.27,Card,Friday,17,Yes,0.068,14.83,36-50,Medium (46-90 min),February
35,31-03-2026,14:00,LB Nagar EV Station,Bike,Delivery,27,Female,6.29,91,85.34,Card,Tuesday,14,No,0.069,13.57,26-35,Long (>90 min),March
36,19-01-2026,14:00,Hitech City EV,Car,Personal,33,Female,33.74,37,523.42,Wallet,Monday,14,No,0.912,15.51,26-35,Short (¤45 min),January
37,25-03-2026,15:00,Uppal EV Hub,Scooter,Ride Sharing,54,Female,15.22,86,242.17,Wallet,Wednesday,15,No,0.177,15.91,51+,Medium (46-90 min),March
38,13-02-2026,12:00,Kukatpally Charge Hub,Scooter,Office Commute,52,Male,10.17,74,145.53,Card,Friday,12,No,0.137,14.31,51+,Medium (46-90 min),February
39,31-03-2026,13:00,Ameerpet Charge Point,Scooter,Delivery,28,Female,12.42,80,208.99,UPI,Tuesday,13,No,0.155,16.83,26-35,Medium (46-90 min),March
40,05-02-2026,11:00,Uppal EV Hub,Car,Delivery,53,Male,38.63,116,542.49,Card,Thursday,11,No,0.333,14.04,51+,Long (>90 min),February
41,06-02-2026,12:00,Secunderabad Central,Bike,Office Commute,34,Male,17.06,62,244.58,UPI,Friday,12,No,0.275,14.34,26-35,Medium (46-90 min),February
42,28-02-2026,10:00,Secunderabad Central,Scooter,Office Commute,24,Female,21.21,75,315.96,Card,Saturday,10,No,0.283,14.9,18-25,Medium (46-90 min),February
43,16-01-2026,13:00,Secunderabad Central,Scooter,Office Commute,40,Female,9.24,33,162.57,Card,Friday,13,No,0.28,17.59,36-50,Short (45 min),January
44,08-02-2026,22:00,Kukatpally Charge Hub,Scooter,Office Commute,35,Other,17,76,289.43,UPI,Sunday,22,No,0.224,17.03,26-35,Medium (46-90 min),February
45,07-01-2026,13:00,Secunderabad Central,Scooter,Delivery,22,Male,10.54,42,163.19,UPI,Wednesday,13,No,0.251,15.48,18-25,Short (45 min),January
46,06-03-2026,19:00,Kukatpally Charge Hub,Scooter,Delivery,23,Female,20.25,61,288.87,Wallet,Friday,19,Yes,0.332,14.27,18-25,Medium (46-90 min),March
47,15-03-2026,19:00,Kukatpally Charge Hub,Scooter,Personal,37,Male,12.36,33,196.46,UPI,Sunday,19,Yes,0.375,15.89,36-50,Short (45 min),March
48,03-01-2026,15:00,Uppal EV Hub,Car,Office Commute,50,Male,24.37,136,294.23,Cash,Saturday,15,No,0.179,12.07,36-50,Long (>90 min),January
49,14-02-2026,08:00,Secunderabad Central,Car,Business,53,Male,29.41,136,445.29,UPI,Saturday,8,No,0.216,15.14,51+,Long (>90 min),February
50,18-02-2026,16:00,LB Nagar EV Station,Bike,Personal,40,Male,14.92,46,264.18,Cash,Wednesday,16,No,0.324,17.71,36-50,Medium (46-90 min),February
51,17-03-2026,10:00,Hitech City EV,Scooter,Personal,45,Male,6.22,98,111.52,Card,Tuesday,10,No,0.063,17.93,36-50,Long (>90 min),March
52,04-03-2026,14:00,Hitech City EV,Scooter,Office Commute,30,Female,18.46,86,326.76,Cash,Wednesday,14,No,0.215,17.7,26-35,Medium (46-90 min),March
53,10-03-2026,15:00,Ameerpet Charge Point,Scooter,Personal,22,Male,20.72,53,349.44,Cash,Tuesday,15,No,0.391,16.86,18-25,Medium (46-90 min),March
54,18-02-2026,13:00,Secunderabad Central,Car,Ride Sharing,30,Male,24.97,38,319.68,UPI,Wednesday,13,No,0.657,12.8,26-35,Short (45 min),February
55,24-02-2026,18:00,LB Nagar EV Station,Car,Business,40,Female,44.99,134,769.25,UPI,Tuesday,18,Yes,0.336,17.1,36-50,Long (>90 min),February
56,26-03-2026,13:00,Kukatpally Charge Hub,Scooter,Office Commute,18,Female,21.13,71,298.92,Cash,Thursday,13,No,0.298,14.15,18-25,Medium (46-90 min),March
57,08-02-2026,16:00,Secunderabad Central,Bike,Office Commute,18,Male,17.67,67,305.05,UPI,Sunday,16,No,0.264,17.26,18-25,Medium (46-90 min),February
58,17-01-2026,10:00,Kukatpally Charge Hub,Scooter,Delivery,28,Male,17.35,35,209.69,Card,Saturday,10,No,0.496,12.09,26-35,Short (45 min),January
59,19-02-2026,15:00,Ameerpet Charge Point,Scooter,Office Commute,55,Male,11.31,93,155.97,Card,Thursday,15,No,0.122,13.79,51+,Long (>90 min),February
60,20-02-2026,16:00,Uppal EV Hub,Car,Personal,37,Male,27.16,137,406.17,UPI,Friday,16,No,0.198,14.95,36-50,Long (>90 min),February
61,12-02-2026,12:00,Secunderabad Central,Scooter,Office Commute,25,Male,5.45,77,78.84,Cash,Thursday,12,No,0.071,14.47,18-25,Medium (46-90 min),February
62,08-03-2026,14:00,Secunderabad Central,Car,Office Commute,22,Male,31.86,71,388.45,Card,Sunday,14,No,0.449,12.19,18-25,Medium (46-90 min),March
63,01-01-2026,14:00,Uppal EV Hub,Scooter,Personal,44,Male,19.99,84,315.19,Wallet,Thursday,14,No,0.238,15.77,36-50,Medium (46-90 min),January
64,25-02-2026,18:00,Ameerpet Charge Point,Car,Ride Sharing,25,Female,14.02,54,185.79,Wallet,Wednesday,18,Yes,0.26,13.25,18-25,Medium (46-90 min),February
65,25-02-2026,14:00,Ameerpet Charge Point,Bike,Delivery,31,Male,10.01,34,161.38,Wallet,Wednesday,14,No,0.294,16.12,26-35,Short (45 min),February
66,18-01-2026,13:00,Uppal EV Hub,Bike,Delivery,45,Male,7.61,49,100.93,Card,Sunday,13,No,0.155,13.26,36-50,Medium (46-90 min),January
67,13-02-2026,12:00,Ameerpet Charge Point,Scooter,Ride Sharing,35,Male,12.01,65,186.34,Cash,Friday,12,No,0.185,15.52,26-35,Medium (46-90 min),February
68,09-02-2026,13:00,LB Nagar EV Station,Scooter,Ride Sharing,51,Male,8.39,62,117.33,UPI,Monday,13,No,0.135,13.98,51+,Medium (46-90 min),February
69,02-02-2026,06:00,Hitech City EV,Scooter,Ride Sharing,47,Male,9.94,92,124.09,Wallet,Monday,6,No,0.108,12.48,36-50,Long (>90 min),February
70,31-01-2026,13:00,Ameerpet Charge Point,Car,Personal,28,Female,15.7,120,212.66,Cash,Saturday,13,No,0.131,13.55,26-35,Long (>90 min),January
71,20-02-2026,18:00,Ameerpet Charge Point,Car,Office Commute,22,Male,29.66,68,431.58,UPI,Friday,18,Yes,0.436,14.55,18-25,Medium (46-90 min),February
72,20-01-2026,12:00,LB Nagar EV Station,Scooter,Personal,28,Female,14.6,49,227.25,Card,Tuesday,12,No,0.298,15.57,26-35,Medium (46-90 min),January
73,19-02-2026,13:00,Ameerpet Charge Point,Bike,Office Commute,19,Male,13.43,35,161.37,UPI,Thursday,13,No,0.384,12.02,18-25,Short (45 min),February
74,16-03-2026,14:00,Uppal EV Hub,Bike,Ride Sharing,31,Female,18.09,99,239.35,Wallet,Monday,14,No,0.183,13.23,26-35,Long (>90 min),March
75,04-02-2026,19:00,Kukatpally Charge Hub,Car,Office Commute,54,Male,13.59,52,176.44,UPI,Wednesday,19,Yes,0.261,12.98,51+,Medium (46-90 min),February
76,24-03-2026,16:00,Kukatpally Charge Hub,Bike,Personal,35,Female,9.82,57,140.02,Wallet,Tuesday,16,No,0.172,14.26,26-35,Medium (46-90 min),March
77,07-02-2026,14:00,Uppal EV Hub,Scooter,Ride Sharing,19,Male,13.97,92,220,Wallet,Saturday,14,No,0.152,15.75,18-25,Long (>90 min),February
78,11-03-2026,20:00,Hitech City EV,Bike,Ride Sharing,46,Male,9.36,80,144.56,UPI,Wednesday,20,Yes,0.117,15.44,36-50,Medium (46-90 min),March
79,07-02-2026,17:00,Uppal EV Hub,Car,Office Commute,39,Female,37.69,86,622.98,Card,Saturday,17,Yes,0.438,16.53,36-50,Medium (46-90 min),February
80,07-02-2026,14:00,Hitech City EV,Scooter,Personal,46,Male,11.68,61,168.86,UPI,Saturday,14,No,0.191,14.46,36-50,Medium (46-90 min),February
81,02-01-2026,07:00,Ameerpet Charge Point,Bike,Office Commute,22,Female,13.74,96,193.18,Card,Friday,7,No,0.143,14.06,18-25,Long (>90 min),January
82,13-03-2026,13:00,Ameerpet Charge Point,Scooter,Personal,35,Male,14.68,26,253.05,Cash,Friday,13,No,0.565,17.24,26-35,Short (45 min),March
83,09-03-2026,17:00,Uppal EV Hub,Scooter,Personal,26,Male,15.38,80,270.71,Card,Monday,17,Yes,0.192,17.6,26-35,Medium (46-90 min),March
84,11-01-2026,13:00,LB Nagar EV Station,Scooter,Office Commute,40,Female,21.71,90,328.13,Cash,Sunday,13,No,0.241,15.11,36-50,Medium (46-90 min),January
85,15-01-2026,13:00,Hitech City EV,Scooter,Ride Sharing,43,Male,9.37,54,142.63,Wallet,Thursday,13,No,0.174,15.22,36-50,Medium (46-90 min),January
86,07-02-2026,13:00,Uppal EV Hub,Scooter,Personal,41,Male,17.01,37,207.61,UPI,Saturday,13,No,0.46,12.21,36-50,Short (45 min),February
87,18-02-2026,17:00,Ameerpet Charge Point,Scooter,Delivery,24,Other,7.18,59,110.2,Card,Wednesday,17,Yes,0.122,15.35,18-25,Medium (46-90 min),February
88,04-03-2026,22:00,Kukatpally Charge Hub,Bike,Personal,36,Male,14.31,60,225.42,UPI,Wednesday,22,No,0.239,15.75,36-50,Medium (46-90 min),March
89,30-01-2026,18:00,Secunderabad Central,Bike,Personal,19,Male,8.59,61,128.65,Wallet,Friday,18,Yes,0.141,14.98,18-25,Medium (46-90 min),January
90,04-03-2026,10:00,Secunderabad Central,Scooter,Office Commute,27,Female,4.43,64,74.52,Wallet,Wednesday,10,No,0.069,16.82,26-35,Medium (46-90 min),March
91,01-02-2026,16:00,Secunderabad Central,Bike,Office Commute,25,Male,3.51,84,45.94,UPI,Sunday,16,No,0.042,13.09,18-25,Medium (46-90 min),February
92,08-01-2026,10:00,LB Nagar EV Station,Scooter,Ride Sharing,21,Female,16.72,35,241.45,Wallet,Thursday,10,No,0.478,14.44,18-25,Short (45 min),January
93,17-02-2026,10:00,Kukatpally Charge Hub,Bike,Office Commute,36,Male,16.98,56,294.74,Wallet,Tuesday,10,No,0.303,17.36,36-50,Medium (46-90 min),February
94,10-03-2026,13:00,Hitech City EV,Scooter,Ride Sharing,54,Male,10.21,66,149.3,Cash,Tuesday,13,No,0.155,14.62,51+,Medium (46-90 min),March
95,27-03-2026,17:00,Secunderabad Central,Scooter,Ride Sharing,49,Male,13.75,26,187.16,Cash,Friday,17,Yes,0.529,13.61,36-50,Short (45 min),March
96,07-03-2026,15:00,Secunderabad Central,Scooter,Personal,43,Male,5.65,37,77,Wallet,Saturday,15,No,0.153,13.63,36-50,Short (45 min),March
97,11-03-2026,19:00,LB Nagar EV Station,Scooter,Office Commute,54,Female,13.95,87,184.73,Card,Wednesday,19,Yes,0.16,13.24,51+,Medium (46-90 min),March
98,27-03-2026,10:00,Ameerpet Charge Point,Car,Personal,24,Male,40.84,123,589.15,Card,Friday,10,No,0.332,14.43,18-25,Long (>90 min),March
99,15-02-2026,08:00,Secunderabad Central,Scooter,Office Commute,43,Male,17.02,87,248.92,Cash,Sunday,8,No,0.196,14.63,36-50,Medium (46-90 min),February
100,28-02-2026,12:00,LB Nagar EV Station,Bike,Office Commute,50,Male,12.04,65,156.25,Cash,Saturday,12,No,0.185,12.98,36-50,Medium (46-90 min),February
101,22-03-2026,14:00,Ameerpet Charge Point,Bike,Personal,26,Male,9.35,79,140.01,Wallet,Sunday,14,No,0.118,14.97,26-35,Medium (46-90 min),March
102,11-02-2026,14:00,Hitech City EV,Scooter,Delivery,47,Male,4.48,32,62.18,Wallet,Wednesday,14,No,0.14,13.88,36-50,Short (45 min),February
103,18-02-2026,10:00,Hitech City EV,Car,Personal,41,Female,26.72,102,442.3,UPI,Wednesday,10,No,0.262,16.55,36-50,Long (>90 min),February
104,21-03-2026,18:00,Secunderabad Central,Scooter,Business,43,Male,12.3,77,215.87,Wallet,Saturday,18,Yes,0.16,17.55,36-50,Medium (46-90 min),March
105,26-01-2026,15:00,Kukatpally Charge Hub,Car,Delivery,25,Other,13.12,134,194.77,Card,Monday,15,No,0.098,14.85,18-25,Long (>90 min),January
106,08-02-2026,13:00,LB Nagar EV Station,Bike,Personal,52,Male,15.25,61,263.91,Wallet,Sunday,13,No,0.25,17.31,51+,Medium (46-90 min),February
107,09-02-2026,13:00,Uppal EV Hub,Scooter,Personal,39,Male,13.88,71,240.28,Card,Monday,13,No,0.195,17.31,36-50,Medium (46-90 min),February
108,07-03-2026,08:00,Kukatpally Charge Hub,Car,Personal,49,Female,12.7,42,153.15,UPI,Saturday,8,No,0.302,12.06,36-50,Short (45 min),March
109,03-03-2026,10:00,Hitech City EV,Scooter,Business,27,Male,12.12,50,183.37,UPI,Tuesday,10,No,0.242,15.13,26-35,Medium (46-90 min),March
110,18-02-2026,10:00,Hitech City EV,Scooter,Delivery,54,Male,8.46,26,151.61,UPI,Wednesday,10,No,0.325,17.92,51+,Short (45 min),February
111,15-01-2026,13:00,Ameerpet Charge Point,Bike,Ride Sharing,54,Male,7.15,56,123.46,Card,Thursday,13,No,0.128,17.27,51+,Medium (46-90 min),January
112,29-03-2026,14:00,Hitech City EV,Bike,Office Commute,25,Female,6.17,73,96.6,UPI,Sunday,14,No,0.085,15.66,18-25,Medium (46-90 min),March
113,15-03-2026,08:00,Ameerpet Charge Point,Scooter,Delivery,23,Female,3.7,72,49.17,UPI,Sunday,8,No,0.051,13.29,18-25,Medium (46-90 min),March
114,20-01-2026,22:00,Ameerpet Charge Point,Scooter,Personal,34,Male,10.53,86,140.52,Cash,Tuesday,22,No,0.122,13.34,26-35,Medium (46-90 min),January
115,30-03-2026,15:00,Uppal EV Hub,Bike,Personal,45,Male,4.74,28,81.09,Card,Monday,15,No,0.169,17.11,36-50,Short (45 min),March
116,09-01-2026,12:00,Ameerpet Charge Point,Car,Personal,32,Male,36.26,108,445.76,Card,Friday,12,No,0.336,12.29,26-35,Long (>90 min),January
117,11-03-2026,20:00,Kukatpally Charge Hub,Scooter,Ride Sharing,49,Male,20,92,308.48,Cash,Wednesday,20,Yes,0.217,15.42,36-50,Long (>90 min),March
118,09-02-2026,14:00,Secunderabad Central,Scooter,Ride Sharing,45,Female,19.69,90,320.03,Wallet,Monday,14,No,0.219,16.25,36-50,Medium (46-90 min),February
119,14-02-2026,16:00,LB Nagar EV Station,Bike,Office Commute,22,Female,14.75,90,179.63,Wallet,Saturday,16,No,0.164,12.18,18-25,Medium (46-90 min),February
120,11-02-2026,10:00,Ameerpet Charge Point,Scooter,Ride Sharing,31,Female,17.13,44,225.37,UPI,Wednesday,10,No,0.389,13.16,26-35,Short (45 min),February
121,15-02-2026,12:00,Ameerpet Charge Point,Bike,Delivery,41,Female,5.2,34,71.25,Wallet,Sunday,12,No,0.153,13.7,36-50,Short (45 min),February
122,15-03-2026,13:00,LB Nagar EV Station,Car,Delivery,39,Female,24.94,107,309.44,Wallet,Sunday,13,No,0.233,12.41,36-50,Long (>90 min),March
123,05-03-2026,16:00,Uppal EV Hub,Scooter,Office Commute,35,Female,14.06,98,250.48,Cash,Thursday,16,No,0.143,17.82,26-35,Long (>90 min),March
124,21-02-2026,17:00,LB Nagar EV Station,Scooter,Office Commute,49,Female,3.42,76,50.2,Card,Saturday,17,Yes,0.045,14.68,36-50,Medium (46-90 min),February
125,29-01-2026,20:00,Kukatpally Charge Hub,Scooter,Delivery,49,Male,19.23,76,306.28,Wallet,Thursday,20,Yes,0.253,15.93,36-50,Medium (46-90 min),January
126,08-03-2026,20:00,Kukatpally Charge Hub,Scooter,Business,54,Female,11.21,54,153.02,Wallet,Sunday,20,Yes,0.208,13.65,51+,Medium (46-90 min),March
127,01-01-2026,12:00,Secunderabad Central,Car,Office Commute,42,Female,36.61,94,542.94,Wallet,Thursday,12,No,0.389,14.83,36-50,Long (>90 min),January
128,13-03-2026,11:00,Secunderabad Central,Scooter,Ride Sharing,24,Female,4.73,34,57.71,Cash,Friday,11,No,0.139,12.2,18-25,Short (45 min),March
129,03-01-2026,11:00,Uppal EV Hub,Bike,Personal,37,Male,3.02,40,45.2,Wallet,Saturday,11,No,0.076,14.97,36-50,Short (45 min),January
130,27-03-2026,15:00,Secunderabad Central,Scooter,Business,34,Male,18.15,30,260.59,Card,Friday,15,No,0.605,14.36,26-35,Short (45 min),March
131,07-02-2026,12:00,LB Nagar EV Station,Bike,Business,28,Male,19.34,32,260.2,UPI,Saturday,12,No,0.604,13.45,26-35,Short (45 min),February
132,15-02-2026,10:00,Hitech City EV,Bike,Office Commute,49,Female,14.74,30,224.2,UPI,Sunday,10,No,0.491,15.21,36-50,Short (45 min),February
133,18-03-2026,09:00,Ameerpet Charge Point,Car,Business,43,Female,23.81,119,314.28,Wallet,Wednesday,9,No,0.2,13.2,36-50,Long (>90 min),March
134,13-02-2026,10:00,LB Nagar EV Station,Bike,Personal,26,Male,16.42,65,266.95,Cash,Friday,10,No,0.253,16.26,26-35,Medium (46-90 min),February
135,13-03-2026,16:00,Secunderabad Central,Car,Personal,28,Female,23.2,92,392.2,Card,Friday,16,No,0.252,16.91,26-35,Long (>90 min),March
136,03-01-2026,08:00,Ameerpet Charge Point,Scooter,Office Commute,40,Female,11.33,60,177.87,Wallet,Saturday,8,No,0.189,15.7,36-50,Medium (46-90 min),January
137,24-02-2026,14:00,Kukatpally Charge Hub,Car,Delivery,35,Male,40.77,103,570.54,Cash,Tuesday,14,No,0.396,13.99,26-35,Long (>90 min),February
138,28-02-2026,15:00,Kukatpally Charge Hub,Scooter,Personal,32,Male,15.92,59,274.05,Wallet,Saturday,15,No,0.27,17.21,26-35,Medium (46-90 min),February
139,27-02-2026,16:00,Hitech City EV,Scooter,Delivery,41,Male,9.57,63,148.65,Card,Friday,16,No,0.152,15.53,36-50,Medium (46-90 min),February
140,07-03-2026,15:00,Secunderabad Central,Car,Personal,29,Male,33.62,83,572,UPI,Saturday,15,No,0.405,17.01,26-35,Medium (46-90 min),March
141,26-01-2026,16:00,Hitech City EV,Car,Office Commute,19,Male,17.93,124,268.11,Card,Monday,16,No,0.145,14.95,18-25,Long (>90 min),January
142,01-03-2026,13:00,Hitech City EV,Bike,Personal,23,Female,14.01,48,201.65,Wallet,Sunday,13,No,0.292,14.39,18-25,Medium (46-90 min),March
143,05-01-2026,12:00,Kukatpally Charge Hub,Car,Office Commute,48,Male,16.32,42,212.45,Card,Monday,12,No,0.389,13.02,36-50,Short (45 min),January
144,10-01-2026,16:00,Secunderabad Central,Scooter,Business,37,Male,11.54,70,163.17,Cash,Saturday,16,No,0.165,14.14,36-50,Medium (46-90 min),January
145,06-02-2026,17:00,LB Nagar EV Station,Car,Office Commute,37,Male,26.73,40,405.95,Cash,Friday,17,Yes,0.668,15.19,36-50,Short (45 min),February
146,26-01-2026,08:00,Kukatpally Charge Hub,Scooter,Office Commute,50,Male,11.59,28,149.42,UPI,Monday,8,No,0.414,12.89,36-50,Short (45 min),January
147,29-03-2026,16:00,Kukatpally Charge Hub,Scooter,Ride Sharing,48,Male,9.14,64,128.46,Card,Sunday,16,No,0.143,14.05,36-50,Medium (46-90 min),March
148,25-03-2026,10:00,Ameerpet Charge Point,Scooter,Office Commute,25,Other,5.73,32,91.84,Cash,Wednesday,10,No,0.179,16.03,18-25,Short (45 min),March
149,05-01-2026,20:00,Ameerpet Charge Point,Scooter,Office Commute,47,Male,15.57,71,268.03,Cash,Monday,20,Yes,0.219,17.21,36-50,Medium (46-90 min),January
150,17-03-2026,10:00,Uppal EV Hub,Car,Office Commute,33,Female,42.32,105,654.34,Card,Tuesday,10,No,0.403,15.46,26-35,Long (>90 min),March
151,07-03-2026,22:00,Uppal EV Hub,Scooter,Business,30,Female,21.57,67,354.35,Cash,Saturday,22,No,0.322,16.43,26-35,Medium (46-90 min),March
152,04-01-2026,16:00,Uppal EV Hub,Car,Office Commute,28,Male,37.16,66,590.56,UPI,Sunday,16,No,0.563,15.89,26-35,Medium (46-90 min),January
153,15-01-2026,15:00,Secunderabad Central,Bike,Personal,42,Male,13.71,65,201.01,Card,Thursday,15,No,0.211,14.66,36-50,Medium (46-90 min),January
154,31-03-2026,15:00,Ameerpet Charge Point,Scooter,Personal,20,Male,15.21,96,259.81,Cash,Tuesday,15,No,0.158,17.08,18-25,Long (>90 min),March
155,26-01-2026,10:00,Hitech City EV,Scooter,Personal,40,Female,13.01,78,230.63,UPI,Monday,10,No,0.167,17.73,36-50,Medium (46-90 min),January
156,21-01-2026,11:00,Hitech City EV,Scooter,Business,53,Female,15.3,29,269.42,Card,Wednesday,11,No,0.528,17.61,51+,Short (45 min),January
157,19-01-2026,10:00,Hitech City EV,Bike,Delivery,46,Female,7.88,65,109.26,Cash,Monday,10,No,0.121,13.87,36-50,Medium (46-90 min),January
158,30-01-2026,16:00,Uppal EV Hub,Scooter,Personal,24,Female,10.86,38,164.5,Wallet,Friday,16,No,0.286,15.15,18-25,Short (45 min),January
159,04-03-2026,10:00,Hitech City EV,Bike,Personal,24,Female,7.87,53,119.37,Wallet,Wednesday,10,No,0.148,15.17,18-25,Medium (46-90 min),March
160,13-01-2026,15:00,Uppal EV Hub,Car,Ride Sharing,32,Male,41.18,78,701.65,Cash,Tuesday,15,No,0.528,17.04,26-35,Medium (46-90 min),January
161,24-01-2026,13:00,Ameerpet Charge Point,Scooter,Delivery,53,Male,17.83,75,224.18,Cash,Saturday,13,No,0.238,12.57,51+,Medium (46-90 min),January
162,15-03-2026,13:00,Secunderabad Central,Bike,Ride Sharing,50,Male,6.19,32,75.19,Wallet,Sunday,13,No,0.193,12.15,36-50,Short (45 min),March
163,04-02-2026,15:00,LB Nagar EV Station,Bike,Delivery,42,Other,7.41,35,119.78,Wallet,Wednesday,15,No,0.212,16.16,36-50,Short (45 min),February
164,11-02-2026,13:00,Hitech City EV,Car,Ride Sharing,21,Female,34.85,95,475.53,Card,Wednesday,13,No,0.367,13.65,18-25,Long (>90 min),February
165,05-02-2026,10:00,Uppal EV Hub,Car,Office Commute,21,Male,18.33,122,293.63,Cash,Thursday,10,No,0.15,16.02,18-25,Long (>90 min),February
166,27-01-2026,15:00,Secunderabad Central,Scooter,Personal,20,Male,14.26,28,203.55,Card,Tuesday,15,No,0.509,14.27,18-25,Short (45 min),January
167,22-03-2026,22:00,LB Nagar EV Station,Scooter,Personal,53,Other,9.34,72,154.35,Wallet,Sunday,22,No,0.13,16.53,51+,Medium (46-90 min),March
168,21-03-2026,13:00,Hitech City EV,Scooter,Office Commute,29,Other,18.61,60,266.09,Wallet,Saturday,13,No,0.31,14.3,26-35,Medium (46-90 min),March
169,05-01-2026,16:00,LB Nagar EV Station,Car,Personal,23,Male,20.04,117,344.46,UPI,Monday,16,No,0.171,17.19,18-25,Long (>90 min),January
170,16-01-2026,14:00,Hitech City EV,Scooter,Office Commute,19,Male,4.2,50,56.41,UPI,Friday,14,No,0.084,13.43,18-25,Medium (46-90 min),January
171,16-03-2026,18:00,Ameerpet Charge Point,Scooter,Personal,52,Female,20.91,68,321.93,Cash,Monday,18,Yes,0.308,15.4,51+,Medium (46-90 min),March
172,12-01-2026,20:00,Secunderabad Central,Scooter,Delivery,47,Female,18.53,35,245.95,Card,Monday,20,Yes,0.529,13.27,36-50,Short (45 min),January
173,14-03-2026,12:00,Secunderabad Central,Scooter,Office Commute,37,Male,5.92,94,91.5,UPI,Saturday,12,No,0.063,15.46,36-50,Long (>90 min),March
174,23-02-2026,12:00,LB Nagar EV Station,Bike,Ride Sharing,20,Female,5.64,86,90.3,Card,Monday,12,No,0.066,16.01,18-25,Medium (46-90 min),February
175,08-01-2026,14:00,Kukatpally Charge Hub,Bike,Personal,49,Male,7.42,69,130.7,Cash,Thursday,14,No,0.108,17.61,36-50,Medium (46-90 min),January
176,18-01-2026,12:00,Secunderabad Central,Car,Personal,40,Male,12.01,41,200.4,Card,Sunday,12,No,0.293,16.69,36-50,Short (45 min),January
177,30-03-2026,09:00,Uppal EV Hub,Car,Personal,26,Male,13.91,47,192.19,Wallet,Monday,9,No,0.296,13.82,26-35,Medium (46-90 min),March
178,07-01-2026,16:00,Uppal EV Hub,Scooter,Office Commute,46,Female,12.68,64,184.56,Wallet,Wednesday,16,No,0.198,14.56,36-50,Medium (46-90 min),January
179,04-03-2026,13:00,Hitech City EV,Scooter,Personal,24,Female,9.99,82,120.51,Card,Wednesday,13,No,0.122,12.06,18-25,Medium (46-90 min),March
180,03-03-2026,14:00,Ameerpet Charge Point,Scooter,Delivery,22,Male,7.94,25,106.72,UPI,Tuesday,14,No,0.318,13.44,18-25,Short (45 min),March
181,22-02-2026,17:00,Secunderabad Central,Car,Office Commute,28,Male,28.1,123,353.73,Card,Sunday,17,Yes,0.228,12.59,26-35,Long (>90 min),February
182,09-03-2026,18:00,Secunderabad Central,Scooter,Office Commute,46,Male,15.38,83,266.92,UPI,Monday,18,Yes,0.185,17.36,36-50,Medium (46-90 min),March
183,05-03-2026,17:00,Hitech City EV,Scooter,Office Commute,50,Female,16.07,27,279.87,UPI,Thursday,17,Yes,0.595,17.42,36-50,Short (45 min),March
184,28-01-2026,15:00,Uppal EV Hub,Bike,Personal,40,Male,20.01,36,328.61,UPI,Wednesday,15,No,0.556,16.42,36-50,Short (45 min),January
185,28-03-2026,16:00,Secunderabad Central,Scooter,Delivery,41,Male,4.61,27,69.4,Cash,Saturday,16,No,0.171,15.05,36-50,Short (45 min),March
186,27-02-2026,14:00,Secunderabad Central,Car,Delivery,45,Male,44.03,78,673.63,Card,Friday,14,No,0.564,15.3,36-50,Medium (46-90 min),February
187,08-01-2026,12:00,Hitech City EV,Scooter,Ride Sharing,25,Female,4.56,71,65.19,Card,Thursday,12,No,0.064,14.3,18-25,Medium (46-90 min),January
188,08-03-2026,10:00,Uppal EV Hub,Bike,Business,27,Female,17.72,46,316.8,Card,Sunday,10,No,0.385,17.88,26-35,Medium (46-90 min),March
189,13-01-2026,15:00,Hitech City EV,Car,Office Commute,27,Male,38.79,132,517.74,UPI,Tuesday,15,No,0.294,13.35,26-35,Long (>90 min),January
190,28-02-2026,14:00,Hitech City EV,Scooter,Office Commute,38,Female,6.11,62,73.79,UPI,Saturday,14,No,0.099,12.08,36-50,Medium (46-90 min),February
191,01-02-2026,12:00,Ameerpet Charge Point,Car,Delivery,38,Other,20.53,113,315.04,Wallet,Sunday,12,No,0.182,15.35,36-50,Long (>90 min),February
192,16-03-2026,12:00,Hitech City EV,Car,Office Commute,35,Male,20.89,106,262.17,Card,Monday,12,No,0.197,12.55,26-35,Long (>90 min),March
193,20-03-2026,14:00,Secunderabad Central,Car,Delivery,50,Male,36.18,66,556.85,UPI,Friday,14,No,0.548,15.39,36-50,Medium (46-90 min),March
194,30-01-2026,18:00,Ameerpet Charge Point,Bike,Personal,25,Male,17.46,79,313.45,Cash,Friday,18,Yes,0.221,17.95,18-25,Medium (46-90 min),January
195,05-03-2026,17:00,LB Nagar EV Station,Scooter,Personal,44,Female,13.55,53,206.34,Cash,Thursday,17,Yes,0.256,15.23,36-50,Medium (46-90 min),March
196,27-03-2026,18:00,LB Nagar EV Station,Car,Office Commute,51,Female,39.48,106,652.88,Wallet,Friday,18,Yes,0.372,16.54,51+,Long (>90 min),March
197,11-03-2026,18:00,Kukatpally Charge Hub,Car,Delivery,27,Female,24.15,97,346.59,UPI,Wednesday,18,Yes,0.249,14.35,26-35,Long (>90 min),March
198,23-02-2026,16:00,Hitech City EV,Scooter,Office Commute,37,Male,14.77,90,222.48,Wallet,Monday,16,No,0.164,15.06,36-50,Medium (46-90 min),February
199,29-03-2026,10:00,LB Nagar EV Station,Scooter,Personal,47,Female,16.36,45,277.24,UPI,Sunday,10,No,0.364,16.95,36-50,Short (45 min),March
200,04-03-2026,09:00,LB Nagar EV Station,Scooter,Business,48,Female,9.35,64,133.16,Card,Wednesday,9,No,0.146,14.24,36-50,Medium (46-90 min),March
201,24-02-2026,16:00,Uppal EV Hub,Scooter,Personal,28,Female,10.06,47,131.15,Card,Tuesday,16,No,0.214,13.04,26-35,Medium (46-90 min),February
202,04-01-2026,14:00,LB Nagar EV Station,Scooter,Delivery,26,Female,16.03,40,246.79,Card,Sunday,14,No,0.401,15.4,26-35,Short (45 min),January
203,19-02-2026,11:00,LB Nagar EV Station,Car,Office Commute,34,Female,31.33,117,386.53,Wallet,Thursday,11,No,0.268,12.34,26-35,Long (>90 min),February
204,15-02-2026,11:00,Hitech City EV,Scooter,Ride Sharing,27,Female,11.77,77,185.86,Card,Sunday,11,No,0.153,15.79,26-35,Medium (46-90 min),February
205,08-02-2026,14:00,LB Nagar EV Station,Scooter,Office Commute,48,Female,16.86,60,203.68,Cash,Sunday,14,No,0.281,12.08,36-50,Medium (46-90 min),February
206,30-01-2026,08:00,LB Nagar EV Station,Scooter,Office Commute,33,Male,8.24,57,140.59,Card,Friday,8,No,0.145,17.06,26-35,Medium (46-90 min),January
207,13-02-2026,11:00,Ameerpet Charge Point,Car,Business,38,Male,13.53,78,190.62,Wallet,Friday,11,No,0.173,14.09,36-50,Medium (46-90 min),February
208,15-01-2026,07:00,Kukatpally Charge Hub,Bike,Office Commute,31,Female,21.3,98,288.45,Wallet,Thursday,7,No,0.217,13.54,26-35,Long (>90 min),January
209,28-03-2026,11:00,Uppal EV Hub,Bike,Business,29,Male,11.81,33,152.5,Cash,Saturday,11,No,0.358,12.91,26-35,Short (45 min),March
210,12-03-2026,16:00,Kukatpally Charge Hub,Bike,Ride Sharing,39,Male,21.63,70,288.91,Card,Thursday,16,No,0.309,13.36,36-50,Medium (46-90 min),March
211,06-03-2026,13:00,Uppal EV Hub,Scooter,Delivery,51,Female,15.62,59,257.66,Cash,Friday,13,No,0.265,16.5,51+,Medium (46-90 min),March
212,29-03-2026,17:00,Secunderabad Central,Scooter,Office Commute,49,Male,9.76,37,136.51,Card,Sunday,17,Yes,0.264,13.99,36-50,Short (45 min),March
213,27-03-2026,07:00,Hitech City EV,Scooter,Ride Sharing,44,Female,15.53,67,256.36,UPI,Friday,7,No,0.232,16.51,36-50,Medium (46-90 min),March
214,04-03-2026,14:00,Hitech City EV,Scooter,Personal,52,Male,9.53,74,161.36,Card,Wednesday,14,No,0.129,16.93,51+,Medium (46-90 min),March
215,12-02-2026,17:00,Ameerpet Charge Point,Car,Office Commute,45,Female,18.72,64,259.78,UPI,Thursday,17,Yes,0.292,13.88,36-50,Medium (46-90 min),February
216,16-02-2026,11:00,Hitech City EV,Car,Delivery,29,Male,29.17,99,413.54,Wallet,Monday,11,No,0.295,14.18,26-35,Long (>90 min),February
217,09-02-2026,14:00,Kukatpally Charge Hub,Bike,Delivery,54,Male,3.63,71,45.43,Cash,Monday,14,No,0.051,12.52,51+,Medium (46-90 min),February
218,09-01-2026,17:00,Kukatpally Charge Hub,Bike,Business,38,Female,21.38,49,384.38,Card,Friday,17,Yes,0.436,17.98,36-50,Medium (46-90 min),January
219,28-02-2026,11:00,Uppal EV Hub,Scooter,Office Commute,37,Female,13.64,30,223.47,UPI,Saturday,11,No,0.455,16.38,36-50,Short (45 min),February
220,09-01-2026,17:00,Hitech City EV,Bike,Business,19,Female,16.49,59,233.35,Card,Friday,17,Yes,0.279,14.15,18-25,Medium (46-90 min),January
221,27-03-2026,18:00,Kukatpally Charge Hub,Scooter,Office Commute,43,Male,6.3,42,80.99,UPI,Friday,18,Yes,0.15,12.86,36-50,Short (45 min),March
222,20-02-2026,13:00,LB Nagar EV Station,Car,Delivery,28,Female,33.49,61,408.11,UPI,Friday,13,No,0.549,12.19,26-35,Medium (46-90 min),February
223,16-01-2026,10:00,LB Nagar EV Station,Scooter,Ride Sharing,18,Female,3.07,45,48.72,Cash,Friday,10,No,0.068,15.87,18-25,Short (45 min),January
224,27-02-2026,14:00,Secunderabad Central,Scooter,Delivery,31,Female,7.04,42,118.59,Cash,Friday,14,No,0.168,16.85,26-35,Short (45 min),February
225,18-03-2026,19:00,Secunderabad Central,Bike,Personal,44,Male,19.61,53,262,UPI,Wednesday,19,Yes,0.37,13.36,36-50,Medium (46-90 min),March
226,13-03-2026,10:00,Secunderabad Central,Scooter,Personal,42,Male,18.24,27,324.71,Card,Friday,10,No,0.676,17.8,36-50,Short (45 min),March
227,17-02-2026,16:00,Secunderabad Central,Car,Ride Sharing,37,Other,39.26,100,602.83,Cash,Tuesday,16,No,0.393,15.35,36-50,Long (>90 min),February
228,19-01-2026,18:00,Kukatpally Charge Hub,Scooter,Office Commute,34,Male,16.37,25,242.48,UPI,Monday,18,Yes,0.655,14.81,26-35,Short (45 min),January
229,14-01-2026,15:00,LB Nagar EV Station,Scooter,Personal,21,Female,8.7,90,121.63,Card,Wednesday,15,No,0.097,13.98,18-25,Medium (46-90 min),January
230,10-02-2026,22:00,LB Nagar EV Station,Bike,Ride Sharing,47,Male,13.1,45,219.14,UPI,Tuesday,22,No,0.291,16.73,36-50,Short (45 min),February
231,21-01-2026,09:00,Uppal EV Hub,Car,Delivery,26,Female,31.77,105,539.26,Cash,Wednesday,9,No,0.303,16.97,26-35,Long (>90 min),January
232,06-03-2026,08:00,LB Nagar EV Station,Bike,Personal,32,Male,4.56,91,66.88,Cash,Friday,8,No,0.05,14.67,26-35,Long (>90 min),March
233,21-01-2026,15:00,Hitech City EV,Bike,Delivery,45,Male,16.35,53,244.04,Card,Wednesday,15,No,0.308,14.93,36-50,Medium (46-90 min),January
234,07-03-2026,12:00,LB Nagar EV Station,Bike,Office Commute,42,Male,21.69,27,338.94,Wallet,Saturday,12,No,0.803,15.63,36-50,Short (45 min),March
235,08-01-2026,12:00,Kukatpally Charge Hub,Bike,Personal,31,Male,11.56,46,153.06,UPI,Thursday,12,No,0.251,13.24,26-35,Medium (46-90 min),January
236,02-03-2026,06:00,Secunderabad Central,Scooter,Ride Sharing,50,Male,7.16,85,110.53,Card,Monday,6,No,0.084,15.44,36-50,Medium (46-90 min),March
237,23-02-2026,20:00,Uppal EV Hub,Scooter,Ride Sharing,38,Male,4.65,63,80.27,UPI,Monday,20,Yes,0.074,17.26,36-50,Medium (46-90 min),February
238,05-03-2026,16:00,LB Nagar EV Station,Car,Office Commute,36,Male,16.34,130,266.07,Cash,Thursday,16,No,0.126,16.28,36-50,Long (>90 min),March
239,02-03-2026,12:00,Ameerpet Charge Point,Car,Delivery,42,Female,43.52,40,589.47,Wallet,Monday,12,No,1.088,13.54,36-50,Short (45 min),March
240,18-02-2026,15:00,LB Nagar EV Station,Bike,Ride Sharing,53,Male,5.18,34,75.11,Cash,Wednesday,15,No,0.152,14.5,51+,Short (45 min),February
241,17-03-2026,09:00,Kukatpally Charge Hub,Scooter,Delivery,19,Female,20.89,69,313.66,Wallet,Tuesday,9,No,0.303,15.01,18-25,Medium (46-90 min),March
242,14-03-2026,15:00,Secunderabad Central,Car,Delivery,46,Male,35.89,91,461.3,UPI,Saturday,15,No,0.394,12.85,36-50,Long (>90 min),March
243,10-02-2026,13:00,Kukatpally Charge Hub,Scooter,Personal,54,Male,12.23,66,172,Wallet,Tuesday,13,No,0.185,14.06,51+,Medium (46-90 min),February
244,24-01-2026,15:00,Ameerpet Charge Point,Car,Personal,26,Male,34.85,117,511.58,Card,Saturday,15,No,0.298,14.68,26-35,Long (>90 min),January
245,01-02-2026,18:00,Secunderabad Central,Car,Personal,53,Male,42.25,90,636.7,Cash,Sunday,18,Yes,0.469,15.07,51+,Medium (46-90 min),February
246,06-02-2026,15:00,Hitech City EV,Scooter,Office Commute,27,Female,17.48,72,245.43,Wallet,Friday,15,No,0.243,14.04,26-35,Medium (46-90 min),February
247,11-01-2026,12:00,Ameerpet Charge Point,Bike,Ride Sharing,29,Male,14.51,32,188.69,Card,Sunday,12,No,0.453,13,26-35,Short (45 min),January
248,10-03-2026,11:00,Kukatpally Charge Hub,Car,Personal,44,Male,29.55,132,428.07,Wallet,Tuesday,11,No,0.224,14.49,36-50,Long (>90 min),March
249,19-02-2026,12:00,Ameerpet Charge Point,Scooter,Business,54,Female,12.27,48,212.63,Cash,Thursday,12,No,0.256,17.33,51+,Medium (46-90 min),February
250,18-01-2026,18:00,LB Nagar EV Station,Car,Personal,49,Male,21.52,91,278.11,UPI,Sunday,18,Yes,0.236,12.92,36-50,Long (>90 min),January
251,13-01-2026,14:00,Secunderabad Central,Car,Office Commute,51,Male,39.51,55,487.79,Card,Tuesday,14,No,0.718,12.35,51+,Medium (46-90 min),January
252,21-01-2026,21:00,Hitech City EV,Bike,Personal,52,Male,9.6,86,127.12,UPI,Wednesday,21,Yes,0.112,13.24,51+,Medium (46-90 min),January
253,17-01-2026,16:00,Ameerpet Charge Point,Scooter,Personal,38,Male,9.19,88,149.49,Card,Saturday,16,No,0.104,16.27,36-50,Medium (46-90 min),January
254,19-01-2026,10:00,LB Nagar EV Station,Bike,Personal,29,Male,14.38,80,220.01,UPI,Monday,10,No,0.18,15.3,26-35,Medium (46-90 min),January
255,22-03-2026,16:00,LB Nagar EV Station,Bike,Office Commute,36,Male,3.65,32,60.4,Card,Sunday,16,No,0.114,16.55,36-50,Short (45 min),March
256,24-02-2026,13:00,Secunderabad Central,Scooter,Personal,34,Female,6.86,98,99.11,Wallet,Tuesday,13,No,0.07,14.45,26-35,Long (>90 min),February
257,16-02-2026,17:00,Uppal EV Hub,Bike,Office Commute,34,Female,21.16,47,284.5,Wallet,Monday,17,Yes,0.45,13.45,26-35,Medium (46-90 min),February
258,07-02-2026,12:00,Kukatpally Charge Hub,Scooter,Business,33,Female,21.46,94,261.44,Wallet,Saturday,12,No,0.228,12.18,26-35,Long (>90 min),February
259,23-02-2026,14:00,Hitech City EV,Bike,Ride Sharing,41,Female,15.24,64,255.51,Wallet,Monday,14,No,0.238,16.77,36-50,Medium (46-90 min),February
260,19-01-2026,11:00,LB Nagar EV Station,Car,Office Commute,18,Male,14.96,101,185.76,UPI,Monday,11,No,0.148,12.42,18-25,Long (>90 min),January
261,08-01-2026,17:00,Hitech City EV,Bike,Delivery,40,Male,17.56,30,253.6,Card,Thursday,17,Yes,0.585,14.44,36-50,Short (45 min),January
262,16-03-2026,13:00,Kukatpally Charge Hub,Scooter,Delivery,36,Male,18.36,47,228.74,Wallet,Monday,13,No,0.391,12.46,36-50,Medium (46-90 min),March
263,03-02-2026,17:00,Ameerpet Charge Point,Car,Delivery,48,Male,13.66,64,229.73,Card,Tuesday,17,Yes,0.213,16.82,36-50,Medium (46-90 min),February
264,24-02-2026,19:00,Uppal EV Hub,Scooter,Personal,47,Other,12.05,70,170.5,UPI,Tuesday,19,Yes,0.172,14.15,36-50,Medium (46-90 min),February
265,25-01-2026,10:00,LB Nagar EV Station,Car,Personal,53,Female,28.6,42,460.37,Card,Sunday,10,No,0.681,16.1,51+,Short (45 min),January
266,19-02-2026,16:00,LB Nagar EV Station,Car,Personal,21,Male,38.53,116,525.11,Wallet,Thursday,16,No,0.332,13.63,18-25,Long (>90 min),February
267,31-01-2026,12:00,Secunderabad Central,Scooter,Office Commute,32,Male,14.96,39,249.83,Card,Saturday,12,No,0.384,16.7,26-35,Short (45 min),January
268,27-03-2026,16:00,Uppal EV Hub,Scooter,Office Commute,46,Female,18.95,87,242.14,UPI,Friday,16,No,0.218,12.78,36-50,Medium (46-90 min),March
269,27-01-2026,18:00,Secunderabad Central,Bike,Personal,23,Male,20.24,97,253.68,Card,Tuesday,18,Yes,0.209,12.53,18-25,Long (>90 min),January
270,28-03-2026,14:00,Ameerpet Charge Point,Scooter,Office Commute,38,Female,15.02,74,267.33,Cash,Saturday,14,No,0.203,17.8,36-50,Medium (46-90 min),March
271,11-01-2026,20:00,Kukatpally Charge Hub,Car,Personal,36,Female,21.84,40,309.2,Cash,Sunday,20,Yes,0.546,14.16,36-50,Short (45 min),January
272,28-01-2026,18:00,LB Nagar EV Station,Bike,Delivery,24,Female,5.11,56,86.5,Wallet,Wednesday,18,Yes,0.091,16.93,18-25,Medium (46-90 min),January
273,02-01-2026,11:00,LB Nagar EV Station,Bike,Office Commute,40,Male,11.97,47,153.49,Wallet,Friday,11,No,0.255,12.82,36-50,Medium (46-90 min),January
274,05-02-2026,16:00,Kukatpally Charge Hub,Scooter,Delivery,18,Female,15.25,46,216.68,UPI,Thursday,16,No,0.332,14.21,18-25,Medium (46-90 min),February
275,18-02-2026,10:00,Kukatpally Charge Hub,Bike,Delivery,30,Male,8.08,50,97.95,Cash,Wednesday,10,No,0.162,12.12,26-35,Medium (46-90 min),February
276,14-01-2026,13:00,Uppal EV Hub,Bike,Business,41,Female,10.68,90,130.85,Card,Wednesday,13,No,0.119,12.25,36-50,Medium (46-90 min),January
277,06-03-2026,12:00,Hitech City EV,Car,Business,44,Male,37.51,43,536.17,UPI,Friday,12,No,0.872,14.29,36-50,Short (45 min),March
278,03-02-2026,11:00,Uppal EV Hub,Scooter,Delivery,24,Male,9.31,52,111.79,Wallet,Tuesday,11,No,0.179,12.01,18-25,Medium (46-90 min),February
279,18-03-2026,21:00,Secunderabad Central,Car,Ride Sharing,40,Female,12.78,83,183.86,Cash,Wednesday,21,Yes,0.154,14.39,36-50,Medium (46-90 min),March
280,08-03-2026,16:00,Kukatpally Charge Hub,Car,Delivery,40,Female,31.91,96,572.48,Wallet,Sunday,16,No,0.332,17.94,36-50,Long (>90 min),March
281,05-01-2026,14:00,Hitech City EV,Bike,Delivery,34,Male,15.25,39,195.85,Card,Monday,14,No,0.391,12.84,26-35,Short (45 min),January
282,25-01-2026,17:00,Kukatpally Charge Hub,Bike,Personal,21,Male,5.79,75,78.54,UPI,Sunday,17,Yes,0.077,13.56,18-25,Medium (46-90 min),January
283,16-02-2026,19:00,Uppal EV Hub,Scooter,Delivery,43,Male,11.93,25,188.32,Wallet,Monday,19,Yes,0.477,15.79,36-50,Short (45 min),February
284,23-02-2026,13:00,Kukatpally Charge Hub,Scooter,Business,22,Female,17.46,94,289.24,Card,Monday,13,No,0.186,16.57,18-25,Long (>90 min),February
285,15-03-2026,11:00,LB Nagar EV Station,Bike,Personal,50,Male,13.66,99,207.08,Wallet,Sunday,11,No,0.138,15.16,36-50,Long (>90 min),March
286,28-01-2026,15:00,Hitech City EV,Scooter,Business,43,Male,15.09,41,222.7,Card,Wednesday,15,No,0.368,14.76,36-50,Short (45 min),January
287,19-01-2026,11:00,LB Nagar EV Station,Scooter,Office Commute,46,Female,3.25,95,57.68,UPI,Monday,11,No,0.034,17.75,36-50,Long (>90 min),January
288,21-03-2026,21:00,LB Nagar EV Station,Car,Delivery,47,Female,17.34,104,224.94,Cash,Saturday,21,Yes,0.167,12.97,36-50,Long (>90 min),March
289,27-03-2026,18:00,Hitech City EV,Bike,Office Commute,45,Male,18.87,72,251.62,Cash,Friday,18,Yes,0.262,13.33,36-50,Medium (46-90 min),March
290,07-03-2026,14:00,Secunderabad Central,Car,Office Commute,20,Female,20.38,35,354.71,Card,Saturday,14,No,0.582,17.4,18-25,Short (45 min),March
291,27-01-2026,20:00,Uppal EV Hub,Bike,Delivery,37,Female,12.74,93,225.6,Wallet,Tuesday,20,Yes,0.137,17.71,36-50,Long (>90 min),January
292,31-03-2026,13:00,Hitech City EV,Car,Personal,35,Female,20.28,60,266.71,UPI,Tuesday,13,No,0.338,13.15,26-35,Medium (46-90 min),March
293,20-01-2026,10:00,Uppal EV Hub,Bike,Office Commute,18,Male,7.2,90,98.55,UPI,Tuesday,10,No,0.08,13.69,18-25,Medium (46-90 min),January
294,09-03-2026,15:00,Secunderabad Central,Scooter,Office Commute,36,Male,14.02,57,244.29,Card,Monday,15,No,0.246,17.42,36-50,Medium (46-90 min),March
295,09-02-2026,13:00,Hitech City EV,Car,Personal,46,Male,39.16,66,609.51,Card,Monday,13,No,0.593,15.56,36-50,Medium (46-90 min),February
296,28-01-2026,15:00,Secunderabad Central,Scooter,Personal,20,Male,8.61,87,105.78,Cash,Wednesday,15,No,0.099,12.29,18-25,Medium (46-90 min),January
297,24-01-2026,13:00,Uppal EV Hub,Car,Personal,40,Female,29.02,76,443.38,UPI,Saturday,13,No,0.382,15.28,36-50,Medium (46-90 min),January
298,26-02-2026,15:00,Uppal EV Hub,Scooter,Business,24,Male,9.88,25,144.51,Cash,Thursday,15,No,0.395,14.63,18-25,Short (45 min),February
299,20-02-2026,09:00,Secunderabad Central,Scooter,Delivery,22,Female,8.89,70,154.5,UPI,Friday,9,No,0.127,17.38,18-25,Medium (46-90 min),February
300,25-01-2026,12:00,Secunderabad Central,Scooter,Business,53,Other,5.38,81,77.28,UPI,Sunday,12,No,0.066,14.36,51+,Medium (46-90 min),January
